candidate_id,Name,Skills,Experience,Education,Recommendation,Score,Matched Skills,Missing Skills,Behavior Score,Location,Reasoning
CAND_0088025,Candidate 0088025,"Pinecone, QLoRA, LLMs, Hugging Face Transformers, RAG, SAP, TensorFlow, LoRA, Flask, Prompt Engineering, BM25, Elasticsearch, MLOps, pgvector, Learning to Rank, Deep Learning, Python, NLP, YOLO",8.6 Years,Ph.D in Data Science at COEP Pune,Consider,70.7%,"Python, Machine Learning, NLP, TensorFlow, RAG","Docker, SQL, NoSQL, REST API, Git",82.7%,"Jaipur, Rajasthan, India","Matched [Python, Machine Learning, NLP] | Missing [Docker, SQL, NoSQL] | 8.6 years experience | Platform engagement: High (GitHub: 75%) | Location: Willing to Relocate | Final Score: 70.7%"
CAND_0096142,Candidate 0096142,"Kubeflow, LoRA, Weaviate, Pinecone, Python, CSS, BentoML, Weights & Biases, RAG, CNN, NLP, BM25, OpenCV, Hugging Face Transformers, dbt",5.0 Years,M.Tech in Machine Learning at IIIT Bangalore,Consider,68.2%,"Python, NLP, RAG","Machine Learning, TensorFlow, Docker, SQL, NoSQL, REST API, Git",80.5%,"Hyderabad, Telangana, India","Matched [Python, NLP, RAG] | Missing [Machine Learning, TensorFlow, Docker] | 5.0 years experience | Platform engagement: High (GitHub: 80%) | Location: Willing to Relocate | Final Score: 68.2%"
CAND_0074735,Candidate 0074735,"YOLO, RAG, Prompt Engineering, LlamaIndex, Machine Learning, Weaviate, GANs, ASR, Information Retrieval, BentoML, Object Detection, Semantic Search, Vector Search, Project Management, TensorFlow, Learning to Rank, Hadoop, TypeScript, Elasticsearch, Kubeflow",5.5 Years,M.E. in Artificial Intelligence at Carnegie Mellon University; M.Tech in Information Technology at Bharati Vidyapeeth,Consider,68.1%,"Machine Learning, TensorFlow, RAG","Python, NLP, Docker, SQL, NoSQL, REST API, Git",81.8%,"Chandigarh, Chandigarh, India","Matched [Machine Learning, TensorFlow, RAG] | Missing [Python, NLP, Docker] | 5.5 years experience | Platform engagement: High (GitHub: 88%) | Location: Willing to Relocate | Final Score: 68.1%"
CAND_0010257,Candidate 0010257,"Milvus, TensorFlow, MLflow, Python, Forecasting, OpenSearch, Qdrant, JavaScript, ASR, Machine Learning, Feature Engineering, Image Classification, Recommendation Systems, pgvector, Rust",6.5 Years,Ph.D in Computer Science at COEP Pune,Consider,67.8%,"Python, Machine Learning, TensorFlow","NLP, Docker, SQL, NoSQL, RAG, REST API, Git",77.0%,"Noida, Uttar Pradesh, India","Matched [Python, Machine Learning, TensorFlow] | Missing [NLP, Docker, SQL] | 6.5 years experience | Platform engagement: High (GitHub: 46%) | Location: Willing to Relocate | Final Score: 67.8%"
CAND_0002025,Candidate 0002025,"Diffusion Models, FAISS, TensorFlow, scikit-learn, OpenSearch, Haystack, Weaviate, Sentence Transformers, QLoRA, NLP, Pinecone, Recommendation Systems, Deep Learning, Python, LangChain, Weights & Biases, OpenCV, Prompt Engineering, Fine-tuning LLMs, YOLO",5.9 Years,M.Sc in Data Science at IIIT Bangalore; M.S. in Data Science at IIIT Bangalore,Consider,67.4%,"Python, Machine Learning, NLP, TensorFlow","Docker, SQL, NoSQL, RAG, REST API, Git",74.2%,"Trivandrum, Kerala, India","Matched [Python, Machine Learning, NLP] | Missing [Docker, SQL, NoSQL] | 5.9 years experience | Platform engagement: Medium (GitHub: 97%) | Location: Willing to Relocate | Final Score: 67.4%"
CAND_0020708,Candidate 0020708,"Tally, NLP, Data Science, Statistical Modeling, scikit-learn, Kubeflow, Learning to Rank, Python, Elasticsearch, OpenCV, LangChain, LLMs, YOLO, Fine-tuning LLMs, Prompt Engineering, Weights & Biases, Sentence Transformers, Milvus, TensorFlow",4.2 Years,M.Sc in Machine Learning at Jadavpur University; B.E. in Data Science at Symbiosis International,Consider,67.4%,"Python, NLP, TensorFlow","Machine Learning, Docker, SQL, NoSQL, RAG, REST API, Git",80.5%,"Indore, Madhya Pradesh, India","Matched [Python, NLP, TensorFlow] | Missing [Machine Learning, Docker, SQL] | 4.2 years experience | Platform engagement: High (GitHub: 84%) | Location: Willing to Relocate | Final Score: 67.4%"
CAND_0037944,Candidate 0037944,"Next.js, Feature Engineering, Vector Search, Machine Learning, ASR, QLoRA, OpenSearch, Embeddings, CNN, Python, NLP, LLMs, LlamaIndex, Terraform, Sentence Transformers, Apache Flink, BM25, PEFT",4.9 Years,M.E. in Artificial Intelligence at IISc Bangalore,Consider,67.1%,"Python, Machine Learning, NLP","TensorFlow, Docker, SQL, NoSQL, RAG, REST API, Git",72.5%,"Jaipur, Rajasthan, India","Matched [Python, Machine Learning, NLP] | Missing [TensorFlow, Docker, SQL] | 4.9 years experience | Platform engagement: Medium (GitHub: 83%) | Location: Willing to Relocate | Final Score: 67.1%"
CAND_0012957,Candidate 0012957,"RAG, PEFT, LangChain, ASR, Deep Learning, BentoML, BM25, Machine Learning, Redis, Statistical Modeling, Qdrant, OpenCV, Python, Embeddings, Fine-tuning LLMs",4.9 Years,Ph.D in Data Science at Delhi College of Engineering,Consider,66.9%,"Python, Machine Learning, RAG","NLP, TensorFlow, Docker, SQL, NoSQL, REST API, Git",68.1%,"Chennai, Tamil Nadu, India","Matched [Python, Machine Learning, RAG] | Missing [NLP, TensorFlow, Docker] | 4.9 years experience | Platform engagement: Medium (GitHub: 54%) | Location: Willing to Relocate | Final Score: 66.9%"
CAND_0046525,Candidate 0046525,"Elasticsearch, Redux, LangChain, Machine Learning, LlamaIndex, Information Retrieval, TensorFlow, LLMs, NLP, Sentence Transformers, YOLO, Forecasting, pgvector, Image Classification, Weights & Biases, TTS, Qdrant",6.1 Years,M.S. in Computer Engineering at Manipal Institute of Technology; M.Sc in Information Technology at IIT Hyderabad,Consider,66.6%,"Machine Learning, NLP, TensorFlow","Python, Docker, SQL, NoSQL, RAG, REST API, Git",76.4%,"Pune, Maharashtra, India","Matched [Machine Learning, NLP, TensorFlow] | Missing [Python, Docker, SQL] | 6.1 years experience | Platform engagement: High (GitHub: 37%) | Location: Willing to Relocate | Final Score: 66.6%"
CAND_0030031,Candidate 0030031,"Information Retrieval, PyTorch, Object Detection, Python, NLP, RAG, OpenCV, LoRA, QLoRA, BM25, Time Series, Sentence Transformers, YOLO, Milvus, Vector Search, scikit-learn",5.7 Years,B.Sc in Data Science at IIT Bombay,Consider,66.5%,"Python, NLP, RAG","Machine Learning, TensorFlow, Docker, SQL, NoSQL, REST API, Git",68.4%,"Trivandrum, Kerala, India","Matched [Python, NLP, RAG] | Missing [Machine Learning, TensorFlow, Docker] | 5.7 years experience | Platform engagement: Medium (GitHub: 32%) | Location: Willing to Relocate | Final Score: 66.5%"
CAND_0047721,Candidate 0047721,"Learning to Rank, MLOps, Milvus, BM25, RAG, Diffusion Models, Image Classification, Redux, Information Retrieval, Photoshop, FAISS, Qdrant, Machine Learning, OpenCV, Forecasting, NLP, Salesforce CRM",7.0 Years,B.Sc in Machine Learning at IIT Kharagpur,Consider,66.3%,"Machine Learning, NLP, RAG","Python, TensorFlow, Docker, SQL, NoSQL, REST API, Git",67.4%,"Coimbatore, Tamil Nadu, India","Matched [Machine Learning, NLP, RAG] | Missing [Python, TensorFlow, Docker] | 7.0 years experience | Platform engagement: Medium (GitHub: 90%) | Location: Willing to Relocate | Final Score: 66.3%"
CAND_0075504,Candidate 0075504,"YOLO, TensorFlow, Embeddings, Semantic Search, GANs, gRPC, RAG, pgvector, Photoshop, Machine Learning, BM25, NLP, TTS, CI/CD, TypeScript, MLflow",3.0 Years,M.E. in Computer Science at Anna University,Consider,66.3%,"Machine Learning, NLP, TensorFlow, RAG","Python, Docker, SQL, NoSQL, REST API, Git",63.5%,"Hyderabad, Telangana, India","Matched [Machine Learning, NLP, TensorFlow] | Missing [Python, Docker, SQL] | 3.0 years experience | Platform engagement: Medium (GitHub: 66%) | Location: Willing to Relocate | Final Score: 66.3%"
CAND_0015578,Candidate 0015578,"Diffusion Models, Embeddings, NLP, Data Science, Kafka, Speech Recognition, MLflow, BM25, Machine Learning, Sentence Transformers, Go, CNN, Pinecone, scikit-learn, FAISS, BentoML, RAG, QLoRA",5.4 Years,B.E. in Artificial Intelligence at NIT Trichy; Ph.D in Machine Learning at NIT Surathkal,Consider,66.2%,"Machine Learning, NLP, RAG","Python, TensorFlow, Docker, SQL, NoSQL, REST API, Git",71.9%,"Delhi, Delhi, India","Matched [Machine Learning, NLP, RAG] | Missing [Python, TensorFlow, Docker] | 5.4 years experience | Platform engagement: Medium (GitHub: 28%) | Location: Willing to Relocate | Final Score: 66.2%"
CAND_0072784,Candidate 0072784,"Feature Engineering, Photoshop, Statistical Modeling, GANs, Reinforcement Learning, BM25, SQL, RAG, REST APIs, MLOps, Python, scikit-learn, YOLO, MLflow, Marketing",3.4 Years,M.Tech in Data Science at IIT Kharagpur,Consider,66.2%,"Python, SQL, NoSQL, RAG, REST API","Machine Learning, NLP, TensorFlow, Docker, Git",61.5%,"Chennai, Tamil Nadu, India","Matched [Python, SQL, NoSQL] | Missing [Machine Learning, NLP, TensorFlow] | 3.4 years experience | Platform engagement: Medium (GitHub: 47%) | Location: Willing to Relocate | Final Score: 66.2%"
CAND_0005260,Candidate 0005260,"Statistical Modeling, MLOps, Snowflake, Prompt Engineering, Information Retrieval, Speech Recognition, Semantic Search, Deep Learning, Python, NLP, MLflow, LoRA, RAG, Kubeflow, pgvector, Haystack, Hugging Face Transformers, Embeddings",5.2 Years,B.Tech in Artificial Intelligence at IIIT Bangalore,Consider,65.9%,"Python, Machine Learning, NLP, RAG","TensorFlow, Docker, SQL, NoSQL, REST API, Git",67.7%,"Chennai, Tamil Nadu, India","Matched [Python, Machine Learning, NLP] | Missing [TensorFlow, Docker, SQL] | 5.2 years experience | Platform engagement: Medium | Location: Willing to Relocate | Final Score: 65.9%"
CAND_0059017,Candidate 0059017,"Speech Recognition, Sentence Transformers, FAISS, Object Detection, Machine Learning, TensorFlow, QLoRA, Feature Engineering, GCP, YOLO, Python, Forecasting, Fine-tuning LLMs, Statistical Modeling",6.8 Years,Ph.D in Computer Science at IIT Kharagpur,Consider,65.9%,"Python, Machine Learning, TensorFlow","NLP, Docker, SQL, NoSQL, RAG, REST API, Git",78.3%,"Ahmedabad, Gujarat, India","Matched [Python, Machine Learning, TensorFlow] | Missing [NLP, Docker, SQL] | 6.8 years experience | Platform engagement: High (GitHub: 76%) | Location: Willing to Relocate | Final Score: 65.9%"
CAND_0025335,Candidate 0025335,"TTS, Redux, Learning to Rank, NLP, TensorFlow, Machine Learning, BM25, CNN, PEFT, AWS, Weights & Biases, RAG, ASR, Object Detection",6.6 Years,M.Sc in Information Technology at IIIT Hyderabad; B.E. in Data Science at NIT Surathkal,Consider,65.8%,"Machine Learning, NLP, TensorFlow, RAG","Python, Docker, SQL, NoSQL, REST API, Git",51.2%,"Delhi, Delhi, India","Matched [Machine Learning, NLP, TensorFlow] | Missing [Python, Docker, SQL] | 6.6 years experience | Platform engagement: Medium | Location: Willing to Relocate | Final Score: 65.8%"
CAND_0050876,Candidate 0050876,"SQL, Qdrant, MLOps, FAISS, scikit-learn, Weights & Biases, LlamaIndex, Forecasting, Machine Learning, OpenSearch, YOLO, Kubeflow, QLoRA, Sentence Transformers, Image Classification, Python, Prompt Engineering, PyTorch",6.0 Years,M.S. in Machine Learning at Stanford University; M.E. in Information Technology at IIT Kharagpur,Consider,65.8%,"Python, Machine Learning, SQL, NoSQL","NLP, TensorFlow, Docker, RAG, REST API, Git",75.9%,"Kolkata, West Bengal, India","Matched [Python, Machine Learning, SQL] | Missing [NLP, TensorFlow, Docker] | 6.0 years experience | Platform engagement: High (GitHub: 86%) | Location: Willing to Relocate | Final Score: 65.8%"
CAND_0051615,Candidate 0051615,"RAG, HTML, Data Science, Milvus, TTS, Sentence Transformers, Fine-tuning LLMs, Prompt Engineering, Vector Search, Haystack, Computer Vision, REST APIs, Webpack, LLMs, NLP",4.6 Years,M.Sc in Information Technology at IIIT Hyderabad,Consider,65.8%,"NLP, RAG, REST API","Python, Machine Learning, TensorFlow, Docker, SQL, NoSQL, Git",75.8%,"Coimbatore, Tamil Nadu, India","Matched [NLP, RAG, REST API] | Missing [Python, Machine Learning, TensorFlow] | 4.6 years experience | Platform engagement: High (GitHub: 95%) | Location: Willing to Relocate | Final Score: 65.8%"
CAND_0064326,Candidate 0064326,"scikit-learn, PyTorch, Milvus, Deep Learning, Semantic Search, Weaviate, Object Detection, RAG, Weights & Biases, BM25, Webpack, Python, QLoRA, Reinforcement Learning",7.6 Years,B.Tech in Computer Science at COEP Pune,Consider,65.7%,"Python, Machine Learning, RAG","NLP, TensorFlow, Docker, SQL, NoSQL, REST API, Git",78.1%,"Gurgaon, Haryana, India","Matched [Python, Machine Learning, RAG] | Missing [NLP, TensorFlow, Docker] | 7.6 years experience | Platform engagement: High (GitHub: 61%) | Location: Willing to Relocate | Final Score: 65.7%"
CAND_0028287,Candidate 0028287,"RAG, Object Detection, Image Classification, Sales, OpenSearch, Vector Search, MLflow, Pinecone, NLP, GANs, YOLO, Haystack, Reinforcement Learning, Python",5.7 Years,M.S. in Machine Learning at Christ University,Consider,65.5%,"Python, NLP, RAG","Machine Learning, TensorFlow, Docker, SQL, NoSQL, REST API, Git",72.7%,"Vizag, Andhra Pradesh, India","Matched [Python, NLP, RAG] | Missing [Machine Learning, TensorFlow, Docker] | 5.7 years experience | Platform engagement: Medium (GitHub: 42%) | Location: Willing to Relocate | Final Score: 65.5%"
CAND_0009837,Candidate 0009837,"scikit-learn, LangChain, TensorFlow, Image Classification, Speech Recognition, PyTorch, Computer Vision, REST APIs, Learning to Rank, QLoRA, Python, FAISS, LLMs, Six Sigma, Haystack, Qdrant",4.3 Years,Ph.D in Machine Learning at Carnegie Mellon University; B.Sc in Computer Science at IIT Bombay,Consider,65.4%,"Python, TensorFlow, REST API","Machine Learning, NLP, Docker, SQL, NoSQL, RAG, Git",61.3%,"Noida, Uttar Pradesh, India","Matched [Python, TensorFlow, REST API] | Missing [Machine Learning, NLP, Docker] | 4.3 years experience | Platform engagement: Medium (GitHub: 54%) | Location: Willing to Relocate | Final Score: 65.4%"
CAND_0078002,Candidate 0078002,"Statistical Modeling, pgvector, Flask, FastAPI, TensorFlow, NLP, BentoML, scikit-learn, Time Series, Hugging Face Transformers, Weaviate, LlamaIndex, Deep Learning, QLoRA, LangChain, Haystack",6.3 Years,M.E. in Artificial Intelligence at NIT Trichy; B.E. in Machine Learning at IIT Guwahati,Consider,65.4%,"Machine Learning, NLP, TensorFlow","Python, Docker, SQL, NoSQL, RAG, REST API, Git",79.4%,"Coimbatore, Tamil Nadu, India","Matched [Machine Learning, NLP, TensorFlow] | Missing [Python, Docker, SQL] | 6.3 years experience | Platform engagement: High (GitHub: 51%) | Location: Willing to Relocate | Final Score: 65.4%"
CAND_0011967,Candidate 0011967,"Machine Learning, MongoDB, gRPC, Vector Search, MLOps, Flask, YOLO, Reinforcement Learning, Excel, Python, NLP, REST APIs, Tailwind, Diffusion Models, TTS",6.9 Years,B.E. in Computer Engineering at SRM Chennai; B.Tech in Information Technology at Amity University,Consider,65.4%,"Python, Machine Learning, NLP, REST API","TensorFlow, Docker, SQL, NoSQL, RAG, Git",60.9%,"Toronto, Canada","Matched [Python, Machine Learning, NLP] | Missing [TensorFlow, Docker, SQL] | 6.9 years experience | Platform engagement: Medium (GitHub: 38%) | Location: Willing to Relocate | Final Score: 65.4%"
CAND_0077956,Candidate 0077956,"Milvus, TTS, SQL, Weights & Biases, Hugging Face Transformers, Weaviate, LlamaIndex, BentoML, Flask, Feature Engineering, LLMs, Deep Learning, Computer Vision, CNN, MLflow, TensorFlow, Azure, Node.js",6.4 Years,M.Sc in Information Technology at IIT Bombay; B.E. in Artificial Intelligence at VIT Chennai,Consider,65.3%,"Machine Learning, TensorFlow, SQL, NoSQL","Python, NLP, Docker, RAG, REST API, Git",78.8%,"Chandigarh, Chandigarh, India","Matched [Machine Learning, TensorFlow, SQL] | Missing [Python, NLP, Docker] | 6.4 years experience | Platform engagement: High (GitHub: 41%) | Location: Willing to Relocate | Final Score: 65.3%"
CAND_0081846,Candidate 0081846,"Data Science, Information Retrieval, LlamaIndex, pgvector, Forecasting, Learning to Rank, Elasticsearch, PyTorch, Vector Search, scikit-learn, Deep Learning, Recommendation Systems, Python, Embeddings, Semantic Search, BM25, Machine Learning, Qdrant",6.7 Years,B.E. in Data Science at IIT Hyderabad; Ph.D in Computer Engineering at IIT Delhi,Consider,65.2%,"Python, Machine Learning","NLP, TensorFlow, Docker, SQL, NoSQL, RAG, REST API, Git",75.3%,"Jaipur, Rajasthan, India","Matched [Python, Machine Learning] | Missing [NLP, TensorFlow, Docker] | 6.7 years experience | Platform engagement: High (GitHub: 34%) | Location: Willing to Relocate | Final Score: 65.2%"
CAND_0083790,Candidate 0083790,"Image Classification, RAG, Object Detection, Reinforcement Learning, YOLO, Next.js, MLOps, LoRA, FAISS, Weaviate, Figma, NLP, BentoML, Time Series, Webpack, Milvus, Python",3.5 Years,M.Tech in Data Science at UC Berkeley; B.Tech in Data Science at Carnegie Mellon University,Consider,65.2%,"Python, NLP, RAG","Machine Learning, TensorFlow, Docker, SQL, NoSQL, REST API, Git",69.1%,"Coimbatore, Tamil Nadu, India","Matched [Python, NLP, RAG] | Missing [Machine Learning, TensorFlow, Docker] | 3.5 years experience | Platform engagement: Medium | Location: Willing to Relocate | Final Score: 65.2%"
CAND_0037566,Candidate 0037566,"Pinecone, Time Series, LlamaIndex, NLP, LoRA, QLoRA, BM25, Feature Engineering, Forecasting, MLflow, Spring Boot, TensorFlow, LLMs, YOLO, LangChain, Elasticsearch, Reinforcement Learning",6.9 Years,B.Tech in Information Technology at Jadavpur University,Consider,65.1%,"NLP, TensorFlow","Python, Machine Learning, Docker, SQL, NoSQL, RAG, REST API, Git",79.1%,"Bangalore, Karnataka, India","Matched [NLP, TensorFlow] | Missing [Python, Machine Learning, Docker] | 6.9 years experience | Platform engagement: High (GitHub: 73%) | Location: Willing to Relocate | Final Score: 65.1%"
CAND_0093749,Candidate 0093749,"Image Classification, Marketing, SAP, RAG, AWS, Tally, Python, REST APIs, Databricks, Scrum, Redis",2.2 Years,Ph.D in Artificial Intelligence at RV College of Engineering; M.E. in Machine Learning at Georgia Tech,Consider,65.1%,"Python, RAG, REST API","Machine Learning, NLP, TensorFlow, Docker, SQL, NoSQL, Git",59.9%,"Gurgaon, Haryana, India","Matched [Python, RAG, REST API] | Missing [Machine Learning, NLP, TensorFlow] | 2.2 years experience | Platform engagement: Medium | Location: Willing to Relocate | Final Score: 65.1%"
CAND_0065878,Candidate 0065878,"scikit-learn, RAG, Computer Vision, pgvector, QLoRA, LlamaIndex, MLflow, TensorFlow, Forecasting, Vector Search, Fine-tuning LLMs, Photoshop, Recommendation Systems, Machine Learning, Diffusion Models",7.8 Years,B.E. in Machine Learning at Manipal Institute of Technology; B.Sc in Machine Learning at Delhi College of Engineering,Consider,65.0%,"Machine Learning, TensorFlow, RAG","Python, NLP, Docker, SQL, NoSQL, REST API, Git",62.1%,"Trivandrum, Kerala, India","Matched [Machine Learning, TensorFlow, RAG] | Missing [Python, NLP, Docker] | 7.8 years experience | Platform engagement: Medium | Location: Willing to Relocate | Final Score: 65.0%"
CAND_0017425,Candidate 0017425,"Django, Terraform, Forecasting, CNN, Machine Learning, SEO, RAG, Project Management, dbt, Docker",3.7 Years,M.Sc in Machine Learning at Tier-3 Engineering College; M.E. in Electrical Engineering at Tier-3 Engineering College,Consider,65.0%,"Machine Learning, Docker, RAG","Python, NLP, TensorFlow, SQL, NoSQL, REST API, Git",51.8%,"Seattle, USA","Matched [Machine Learning, Docker, RAG] | Missing [Python, NLP, TensorFlow] | 3.7 years experience | Platform engagement: Medium (GitHub: 12%) | Location: Willing to Relocate | Final Score: 65.0%"
CAND_0077337,Candidate 0077337,"GANs, Semantic Search, QLoRA, pgvector, Pinecone, Feature Engineering, BM25, Information Retrieval, LLMs, OpenCV, Data Science, Forecasting, Excel, RAG, Qdrant, Recommendation Systems, Sentence Transformers, LlamaIndex, Python, OpenSearch",7.0 Years,B.Tech in Computer Engineering at Georgia Tech,Consider,65.0%,"Python, RAG","Machine Learning, NLP, TensorFlow, Docker, SQL, NoSQL, REST API, Git",77.2%,"Kochi, Kerala, India","Matched [Python, RAG] | Missing [Machine Learning, NLP, TensorFlow] | 7.0 years experience | Platform engagement: High (GitHub: 68%) | Location: Willing to Relocate | Final Score: 65.0%"
CAND_0029367,Candidate 0029367,"GANs, Haystack, BentoML, MLflow, TensorFlow, QLoRA, FAISS, Sentence Transformers, RAG, NLP, LangChain, Image Classification, PyTorch, Pinecone, Vector Search, Forecasting, Recommendation Systems",5.7 Years,B.Sc in Computer Engineering at SRM University,Consider,65.0%,"NLP, TensorFlow, RAG","Python, Machine Learning, Docker, SQL, NoSQL, REST API, Git",68.2%,"Bangalore, Karnataka, India","Matched [NLP, TensorFlow, RAG] | Missing [Python, Machine Learning, Docker] | 5.7 years experience | Platform engagement: Medium (GitHub: 40%) | Location: Willing to Relocate | Final Score: 65.0%"
CAND_0032505,Candidate 0032505,"GCP, Computer Vision, REST APIs, SQL, Statistical Modeling, Tailwind, Feature Engineering, Docker, Excel, Pinecone, NLP, Learning to Rank, QLoRA, Kubeflow",3.8 Years,B.Tech in Artificial Intelligence at Bharati Vidyapeeth; M.Tech in Machine Learning at Delhi College of Engineering,Consider,64.9%,"NLP, Docker, SQL, NoSQL, REST API","Python, Machine Learning, TensorFlow, RAG, Git",66.4%,"Gurgaon, Haryana, India","Matched [NLP, Docker, SQL] | Missing [Python, Machine Learning, TensorFlow] | 3.8 years experience | Platform engagement: Medium (GitHub: 64%) | Location: Willing to Relocate | Final Score: 64.9%"
CAND_0054441,Candidate 0054441,"Apache Beam, Accounting, BentoML, Databricks, Machine Learning, Python, Docker, Next.js, SQL, Feature Engineering, Marketing, Sales, PostgreSQL, Go, MLOps",7.9 Years,M.S. in Information Technology at KIIT University; M.Tech in Machine Learning at VIT Chennai,Consider,64.9%,"Python, Machine Learning, Docker, SQL, NoSQL","NLP, TensorFlow, RAG, REST API, Git",52.3%,"Ahmedabad, Gujarat, India","Matched [Python, Machine Learning, Docker] | Missing [NLP, TensorFlow, RAG] | 7.9 years experience | Platform engagement: Medium | Location: Willing to Relocate | Final Score: 64.9%"
CAND_0098288,Candidate 0098288,"Time Series, Statistical Modeling, Learning to Rank, Node.js, Information Retrieval, Object Detection, Haystack, BentoML, Marketing, scikit-learn, RAG, NLP, pgvector, CNN, Feature Engineering, Image Classification, ASR, Python",6.7 Years,Ph.D in Computer Science at IIT Roorkee; M.Tech in Computer Science at IIT Bombay,Consider,64.9%,"Python, NLP, RAG","Machine Learning, TensorFlow, Docker, SQL, NoSQL, REST API, Git",66.5%,"Mumbai, Maharashtra, India","Matched [Python, NLP, RAG] | Missing [Machine Learning, TensorFlow, Docker] | 6.7 years experience | Platform engagement: Medium (GitHub: 30%) | Location: Willing to Relocate | Final Score: 64.9%"
CAND_0042029,Candidate 0042029,"YOLO, PyTorch, NLP, RAG, Haystack, Statistical Modeling, TypeScript, Elasticsearch, Embeddings, REST APIs, Speech Recognition, OpenSearch, Image Classification, Feature Engineering, Weaviate, Learning to Rank, Deep Learning, Hugging Face Transformers",6.5 Years,B.E. in Computer Science at PES University,Consider,64.9%,"Machine Learning, NLP, RAG, REST API","Python, TensorFlow, Docker, SQL, NoSQL, Git",65.7%,"Delhi, Delhi, India","Matched [Machine Learning, NLP, RAG] | Missing [Python, TensorFlow, Docker] | 6.5 years experience | Platform engagement: Medium (GitHub: 79%) | Location: Willing to Relocate | Final Score: 64.9%"
CAND_0061257,Candidate 0061257,"PEFT, Haystack, Time Series, Machine Learning, Information Retrieval Systems, Search Infrastructure, Image Classification, TTS, Feature Engineering, ETL, Model Adaptation, Indexing Algorithms, Workflow Orchestration, Search Backend, Python, Vector Representations",8.0 Years,M.S. in Computer Science at VJTI Mumbai; M.E. in Artificial Intelligence at IIT Roorkee,Consider,64.8%,"Python, Machine Learning","NLP, TensorFlow, Docker, SQL, NoSQL, RAG, REST API, Git",78.5%,"Noida, Uttar Pradesh, India","Matched [Python, Machine Learning] | Missing [NLP, TensorFlow, Docker] | 8.0 years experience | Platform engagement: High (GitHub: 45%) | Location: Willing to Relocate | Final Score: 64.8%"
CAND_0022894,Candidate 0022894,"NLP, RAG, Excel, Reinforcement Learning, ASR, Microservices, Machine Learning, REST APIs, Project Management, Hadoop, OpenCV, CI/CD, Milvus, Data Science, Photoshop, MLflow",7.4 Years,Ph.D in Computer Science at Symbiosis International,Consider,64.8%,"Machine Learning, NLP, RAG, REST API","Python, TensorFlow, Docker, SQL, NoSQL, Git",51.1%,"Chennai, Tamil Nadu, India","Matched [Machine Learning, NLP, RAG] | Missing [Python, TensorFlow, Docker] | 7.4 years experience | Platform engagement: Medium | Location: Willing to Relocate | Final Score: 64.8%"
CAND_0051545,Candidate 0051545,"Statistical Modeling, Diffusion Models, OpenCV, Machine Learning, Angular, CNN, Figma, Django, Hugging Face Transformers, RAG, PEFT, OpenSearch, BentoML, Azure, TensorFlow, Learning to Rank",3.2 Years,M.Tech in Information Technology at IIT Hyderabad; M.Sc in Computer Engineering at IISc Bangalore,Consider,64.7%,"Machine Learning, TensorFlow, RAG","Python, NLP, Docker, SQL, NoSQL, REST API, Git",61.9%,"Chennai, Tamil Nadu, India","Matched [Machine Learning, TensorFlow, RAG] | Missing [Python, NLP, Docker] | 3.2 years experience | Platform engagement: Medium (GitHub: 43%) | Location: Willing to Relocate | Final Score: 64.7%"
CAND_0018499,Candidate 0018499,"Deep Learning, Weaviate, Recommendation Systems, scikit-learn, Diffusion Models, Pinecone, Information Retrieval, Milvus, QLoRA, RAG, Embeddings, Learning to Rank, CNN, Go, BM25, LangChain, Weights & Biases",7.2 Years,B.Sc in Artificial Intelligence at Massachusetts Institute of Technology; M.S. in Data Science at NIT Surathkal,Consider,64.7%,"Machine Learning, RAG","Python, NLP, TensorFlow, Docker, SQL, NoSQL, REST API, Git",85.8%,"Noida, Uttar Pradesh, India","Matched [Machine Learning, RAG] | Missing [Python, NLP, TensorFlow] | 7.2 years experience | Platform engagement: High (GitHub: 95%) | Location: Willing to Relocate | Final Score: 64.7%"
CAND_0064904,Candidate 0064904,"Embeddings, Hugging Face Transformers, Elasticsearch, Diffusion Models, Forecasting, FastAPI, Prompt Engineering, LLMs, Python, MLOps, TensorFlow, Weaviate, Vector Search, Recommendation Systems, OpenSearch, Computer Vision",4.9 Years,B.Tech in Information Technology at RV College of Engineering; M.E. in Data Science at Jadavpur University,Consider,64.7%,"Python, TensorFlow","Machine Learning, NLP, Docker, SQL, NoSQL, RAG, REST API, Git",77.4%,"Hyderabad, Telangana, India","Matched [Python, TensorFlow] | Missing [Machine Learning, NLP, Docker] | 4.9 years experience | Platform engagement: High (GitHub: 59%) | Location: Willing to Relocate | Final Score: 64.7%"
CAND_0057701,Candidate 0057701,"Deep Learning, Prompt Engineering, OpenSearch, Qdrant, Python, Snowflake, Machine Learning, Hugging Face Transformers, PEFT, Vue.js, Milvus, TensorFlow, Feature Engineering, Time Series, Learning to Rank, TypeScript, TTS",4.1 Years,M.E. in Computer Science at IIT Roorkee,Consider,64.6%,"Python, Machine Learning, TensorFlow","NLP, Docker, SQL, NoSQL, RAG, REST API, Git",66.8%,"Chandigarh, Chandigarh, India","Matched [Python, Machine Learning, TensorFlow] | Missing [NLP, Docker, SQL] | 4.1 years experience | Platform engagement: Medium (GitHub: 65%) | Location: Willing to Relocate | Final Score: 64.6%"
CAND_0094685,Candidate 0094685,"Weaviate, Feature Engineering, MLflow, MLOps, YOLO, Tally, Diffusion Models, Time Series, Machine Learning, Image Classification, pgvector, Python, OpenCV",3.5 Years,B.Sc in Machine Learning at Carnegie Mellon University; Ph.D in Data Science at Jadavpur University,Consider,64.6%,"Python, Machine Learning","NLP, TensorFlow, Docker, SQL, NoSQL, RAG, REST API, Git",75.2%,"Pune, Maharashtra, India","Matched [Python, Machine Learning] | Missing [NLP, TensorFlow, Docker] | 3.5 years experience | Platform engagement: High (GitHub: 53%) | Location: Willing to Relocate | Final Score: 64.6%"
CAND_0071974,Candidate 0071974,"LoRA, Learning to Rank, Weaviate, PEFT, BM25, Pinecone, Machine Learning, Information Retrieval, Qdrant, Embeddings, CNN, RAG, MLOps, Forecasting, Sentence Transformers, Content Writing, Speech Recognition, Elasticsearch, Object Detection",7.8 Years,M.Sc in Artificial Intelligence at NIT Warangal,Consider,64.6%,"Machine Learning, RAG","Python, NLP, TensorFlow, Docker, SQL, NoSQL, REST API, Git",83.0%,"Vizag, Andhra Pradesh, India","Matched [Machine Learning, RAG] | Missing [Python, NLP, TensorFlow] | 7.8 years experience | Platform engagement: High (GitHub: 83%) | Location: Willing to Relocate | Final Score: 64.6%"
CAND_0081686,Candidate 0081686,"Machine Learning, Kubeflow, Embeddings, FAISS, Feature Engineering, OpenCV, Milvus, BigQuery, CNN, Python, LangChain, Semantic Search, QLoRA, Java, LLMs, Hugging Face Transformers, Forecasting, Weights & Biases",6.0 Years,M.S. in Data Science at IIT Kanpur,Consider,64.6%,"Python, Machine Learning","NLP, TensorFlow, Docker, SQL, NoSQL, RAG, REST API, Git",69.2%,"Austin, USA","Matched [Python, Machine Learning] | Missing [NLP, TensorFlow, Docker] | 6.0 years experience | Platform engagement: Medium (GitHub: 46%) | Location: Willing to Relocate | Final Score: 64.6%"
CAND_0016163,Candidate 0016163,"Hugging Face Transformers, Computer Vision, gRPC, Time Series, Weaviate, CNN, Deep Learning, TensorFlow, ASR, Embeddings, Tailwind, Reinforcement Learning, LoRA, pgvector, Statistical Modeling, Pinecone, Machine Learning",6.7 Years,M.E. in Machine Learning at Jadavpur University,Consider,64.6%,"Machine Learning, TensorFlow","Python, NLP, Docker, SQL, NoSQL, RAG, REST API, Git",83.5%,"Gurgaon, Haryana, India","Matched [Machine Learning, TensorFlow] | Missing [Python, NLP, Docker] | 6.7 years experience | Platform engagement: High (GitHub: 95%) | Location: Willing to Relocate | Final Score: 64.6%"
CAND_0014743,Candidate 0014743,"Information Retrieval, Angular, scikit-learn, Statistical Modeling, Machine Learning, Elasticsearch, Weaviate, BentoML, Weights & Biases, Reinforcement Learning, Object Detection, Python, REST APIs, BM25",3.6 Years,B.E. in Computer Engineering at SRM University; Ph.D in Information Technology at Thapar University,Consider,64.6%,"Python, Machine Learning, REST API","NLP, TensorFlow, Docker, SQL, NoSQL, RAG, Git",70.5%,"Coimbatore, Tamil Nadu, India","Matched [Python, Machine Learning, REST API] | Missing [NLP, TensorFlow, Docker] | 3.6 years experience | Platform engagement: Medium (GitHub: 47%) | Location: Willing to Relocate | Final Score: 64.6%"
CAND_0026913,Candidate 0026913,"Spring Boot, scikit-learn, MLflow, Time Series, LlamaIndex, MLOps, Kubernetes, TensorFlow, TTS, YOLO, Reinforcement Learning, Fine-tuning LLMs, NLP, ASR, Recommendation Systems, Feature Engineering, SQL",3.9 Years,M.E. in Machine Learning at COEP Pune,Consider,64.6%,"NLP, TensorFlow, SQL, NoSQL","Python, Machine Learning, Docker, RAG, REST API, Git",74.8%,"Chandigarh, Chandigarh, India","Matched [NLP, TensorFlow, SQL] | Missing [Python, Machine Learning, Docker] | 3.9 years experience | Platform engagement: Medium (GitHub: 27%) | Location: Willing to Relocate | Final Score: 64.6%"
CAND_0068985,Candidate 0068985,"Prompt Engineering, TensorFlow, Reinforcement Learning, Rust, Time Series, Hugging Face Transformers, Azure, Machine Learning, Speech Recognition, Semantic Search, Qdrant, Computer Vision, OpenSearch, Java, REST APIs, Diffusion Models",5.2 Years,M.Tech in Data Science at VJTI Mumbai,Consider,64.5%,"Machine Learning, TensorFlow, REST API","Python, NLP, Docker, SQL, NoSQL, RAG, Git",67.4%,"New York, USA","Matched [Machine Learning, TensorFlow, REST API] | Missing [Python, NLP, Docker] | 5.2 years experience | Platform engagement: Medium (GitHub: 62%) | Location: Willing to Relocate | Final Score: 64.5%"
CAND_0008392,Candidate 0008392,"GANs, Diffusion Models, SEO, Scrum, Sentence Transformers, Weights & Biases, Statistical Modeling, Python, pgvector, REST APIs, OpenCV, NLP",4.2 Years,M.Sc in Data Science at IIT Bombay,Consider,64.5%,"Python, NLP, REST API","Machine Learning, TensorFlow, Docker, SQL, NoSQL, RAG, Git",70.3%,"Pune, Maharashtra, India","Matched [Python, NLP, REST API] | Missing [Machine Learning, TensorFlow, Docker] | 4.2 years experience | Platform engagement: Medium (GitHub: 66%) | Location: Willing to Relocate | Final Score: 64.5%"
CAND_0040972,Candidate 0040972,"MLOps, OpenCV, GANs, SEO, ASR, Django, Accounting, MongoDB, Kubeflow, Docker, CI/CD, Sales, NLP, Machine Learning, SQL, Reinforcement Learning, YOLO",6.2 Years,Ph.D in Statistics at Regional Technical Institute; M.E. in Electronics at Generic State University,Consider,64.5%,"Machine Learning, NLP, Docker, SQL, NoSQL","Python, TensorFlow, RAG, REST API, Git",45.7%,"Trivandrum, Kerala, India","Matched [Machine Learning, NLP, Docker] | Missing [Python, TensorFlow, RAG] | 6.2 years experience | Platform engagement: Medium (GitHub: 16%) | Location: Willing to Relocate | Final Score: 64.5%"
CAND_0075304,Candidate 0075304,"ASR, Machine Learning, MLOps, Data Science, Qdrant, SQL, Image Classification, Spark, Java, Docker, Computer Vision, Content Writing, BM25, Forecasting, Data Pipelines, Weaviate, YOLO",3.4 Years,B.Sc in Civil Engineering at COEP Pune,Consider,64.5%,"Machine Learning, Docker, SQL, NoSQL","Python, NLP, TensorFlow, RAG, REST API, Git",71.9%,"Chennai, Tamil Nadu, India","Matched [Machine Learning, Docker, SQL] | Missing [Python, NLP, TensorFlow] | 3.4 years experience | Platform engagement: Medium (GitHub: 72%) | Location: Willing to Relocate | Final Score: 64.5%"
CAND_0022523,Candidate 0022523,"Vector Search, RAG, gRPC, Machine Learning, TensorFlow, SAP, MLflow, ASR, Databricks, Weights & Biases",2.7 Years,M.Tech in Computer Engineering at Manipal Institute of Technology,Consider,64.4%,"Machine Learning, TensorFlow, RAG","Python, NLP, Docker, SQL, NoSQL, REST API, Git",68.4%,"Chandigarh, Chandigarh, India","Matched [Machine Learning, TensorFlow, RAG] | Missing [Python, NLP, Docker] | 2.7 years experience | Platform engagement: Medium (GitHub: 40%) | Location: Willing to Relocate | Final Score: 64.4%"
CAND_0086022,Candidate 0086022,"Vector Search, MLflow, Recommendation Systems, Databricks, Deep Learning, pgvector, Fine-tuning LLMs, Elasticsearch, QLoRA, Pinecone, Embeddings, Kubeflow, PyTorch, ETL, TensorFlow, NLP, Sentence Transformers, LoRA, LangChain",5.3 Years,B.Tech in Data Science at Stanford University,Consider,64.4%,"Machine Learning, NLP, TensorFlow","Python, Docker, SQL, NoSQL, RAG, REST API, Git",75.1%,"Kolkata, West Bengal, India","Matched [Machine Learning, NLP, TensorFlow] | Missing [Python, Docker, SQL] | 5.3 years experience | Platform engagement: High (GitHub: 75%) | Location: Willing to Relocate | Final Score: 64.4%"
CAND_0084090,Candidate 0084090,"Computer Vision, LlamaIndex, CI/CD, NLP, Feature Engineering, MLflow, TensorFlow, TTS, OpenCV, Qdrant, pgvector, QLoRA, Python, Vue.js, CNN, Vector Search",3.9 Years,B.Tech in Machine Learning at Manipal Institute of Technology,Consider,64.4%,"Python, NLP, TensorFlow","Machine Learning, Docker, SQL, NoSQL, RAG, REST API, Git",66.9%,"Indore, Madhya Pradesh, India","Matched [Python, NLP, TensorFlow] | Missing [Machine Learning, Docker, SQL] | 3.9 years experience | Platform engagement: Medium (GitHub: 20%) | Location: Willing to Relocate | Final Score: 64.4%"
CAND_0008425,Candidate 0008425,"Learning to Rank, Qdrant, Weights & Biases, pgvector, Sentence Transformers, NLP, Haystack, TensorFlow, Python, Prompt Engineering, Image Classification, Object Detection, Semantic Search, LoRA, Recommendation Systems, Information Retrieval, Hugging Face Transformers",7.8 Years,M.S. in Computer Engineering at BITS Pilani,Consider,64.4%,"Python, NLP, TensorFlow","Machine Learning, Docker, SQL, NoSQL, RAG, REST API, Git",72.0%,"Kolkata, West Bengal, India","Matched [Python, NLP, TensorFlow] | Missing [Machine Learning, Docker, SQL] | 7.8 years experience | Platform engagement: Medium (GitHub: 53%) | Location: Willing to Relocate | Final Score: 64.4%"
CAND_0031703,Candidate 0031703,"Weights & Biases, FastAPI, Object Detection, TTS, CNN, NLP, Diffusion Models, BM25, BentoML, Machine Learning, Hugging Face Transformers, Speech Recognition, Learning to Rank, Node.js, TensorFlow, REST APIs, Qdrant, Statistical Modeling",6.8 Years,B.E. in Machine Learning at Georgia Tech,Consider,64.4%,"Machine Learning, NLP, TensorFlow, REST API","Python, Docker, SQL, NoSQL, RAG, Git",63.0%,"Trivandrum, Kerala, India","Matched [Machine Learning, NLP, TensorFlow] | Missing [Python, Docker, SQL] | 6.8 years experience | Platform engagement: Medium | Location: Willing to Relocate | Final Score: 64.4%"
CAND_0068351,Candidate 0068351,"pgvector, Deep Learning, Qdrant, Elasticsearch, Feature Engineering, Text Encoders, PEFT, Spring Boot, Python, Redis, Haystack, Machine Learning, Open-source ML libraries, Ranking Systems, LoRA, Information Retrieval Systems, Search Backend, GANs, NLP",6.4 Years,M.E. in Computer Science at IIIT Bangalore; B.Tech in Computer Engineering at Carnegie Mellon University,Consider,64.4%,"Python, Machine Learning, NLP","TensorFlow, Docker, SQL, NoSQL, RAG, REST API, Git",59.6%,"Delhi, Delhi, India","Matched [Python, Machine Learning, NLP] | Missing [TensorFlow, Docker, SQL] | 6.4 years experience | Platform engagement: Medium | Location: Willing to Relocate | Final Score: 64.4%"
CAND_0058517,Candidate 0058517,"MLflow, Data Science, Tailwind, Spark, Terraform, LlamaIndex, NLP, Computer Vision, BentoML, TensorFlow, MLOps, Deep Learning, Redis, OpenCV, Speech Recognition, Machine Learning",5.1 Years,Ph.D in Machine Learning at IISc Bangalore,Consider,64.3%,"Machine Learning, NLP, TensorFlow","Python, Docker, SQL, NoSQL, RAG, REST API, Git",66.6%,"Indore, Madhya Pradesh, India","Matched [Machine Learning, NLP, TensorFlow] | Missing [Python, Docker, SQL] | 5.1 years experience | Platform engagement: Medium (GitHub: 77%) | Location: Willing to Relocate | Final Score: 64.3%"
CAND_0044213,Candidate 0044213,"LoRA, Weights & Biases, Python, Kubernetes, Machine Learning, Diffusion Models, scikit-learn, Deep Learning, Object Detection, Information Retrieval, Hugging Face Transformers, Illustrator, Apache Flink, Vector Search, Reinforcement Learning, GraphQL",3.7 Years,M.S. in Computer Science at Thapar University,Consider,64.3%,"Python, Machine Learning","NLP, TensorFlow, Docker, SQL, NoSQL, RAG, REST API, Git",83.6%,"Bangalore, Karnataka, India","Matched [Python, Machine Learning] | Missing [NLP, TensorFlow, Docker] | 3.7 years experience | Platform engagement: High (GitHub: 69%) | Location: Willing to Relocate | Final Score: 64.3%"
CAND_0080766,Candidate 0080766,"Search Backend, LoRA, Vue.js, Tally, Search & Discovery, MLOps, Search Infrastructure, MLflow, Open-source ML libraries, Information Retrieval Systems, Elasticsearch, Computer Vision, Deep Learning, Natural Language Processing, QLoRA, YOLO, OpenSearch, Python, Milvus, ASR, TensorFlow",8.8 Years,M.Sc in Computer Engineering at RV College of Engineering; M.E. in Computer Science at NIT Surathkal,Consider,64.3%,"Python, Machine Learning, TensorFlow","NLP, Docker, SQL, NoSQL, RAG, REST API, Git",71.2%,"Coimbatore, Tamil Nadu, India","Matched [Python, Machine Learning, TensorFlow] | Missing [NLP, Docker, SQL] | 8.8 years experience | Platform engagement: Medium (GitHub: 33%) | Location: Willing to Relocate | Final Score: 64.3%"
CAND_0003977,Candidate 0003977,"Learning to Rank, NLP, Node.js, Embeddings, Semantic Search, Image Classification, PyTorch, CNN, Python, Prompt Engineering, Object Detection, Terraform, Machine Learning",4.6 Years,M.Tech in Data Science at COEP Pune; M.Sc in Artificial Intelligence at NIT Surathkal,Consider,64.3%,"Python, Machine Learning, NLP","TensorFlow, Docker, SQL, NoSQL, RAG, REST API, Git",63.4%,"Delhi, Delhi, India","Matched [Python, Machine Learning, NLP] | Missing [TensorFlow, Docker, SQL] | 4.6 years experience | Platform engagement: Medium (GitHub: 58%) | Location: Willing to Relocate | Final Score: 64.3%"
CAND_0084498,Candidate 0084498,"RAG, Six Sigma, Webpack, MLOps, FastAPI, Data Science, Speech Recognition, Haystack, Python, NLP, PyTorch, Image Classification, CNN",3.1 Years,Ph.D in Information Technology at VIT Vellore; Ph.D in Artificial Intelligence at RV College of Engineering,Consider,64.3%,"Python, NLP, RAG","Machine Learning, TensorFlow, Docker, SQL, NoSQL, REST API, Git",57.0%,"Delhi, Delhi, India","Matched [Python, NLP, RAG] | Missing [Machine Learning, TensorFlow, Docker] | 3.1 years experience | Platform engagement: Medium (GitHub: 73%) | Location: Willing to Relocate | Final Score: 64.3%"
CAND_0030468,Candidate 0030468,"Information Retrieval Systems, Content Matching, Text Encoders, TensorFlow, Search & Discovery, CNN, Model Adaptation, Machine Learning, Ranking Systems, Diffusion Models, OpenSearch, Computer Vision, Milvus, Recommendation Systems",5.4 Years,M.Tech in Machine Learning at IIT Delhi; M.Tech in Machine Learning at IIT Delhi,Consider,64.3%,"Machine Learning, TensorFlow","Python, NLP, Docker, SQL, NoSQL, RAG, REST API, Git",77.1%,"Indore, Madhya Pradesh, India","Matched [Machine Learning, TensorFlow] | Missing [Python, NLP, Docker] | 5.4 years experience | Platform engagement: High (GitHub: 45%) | Location: Willing to Relocate | Final Score: 64.3%"
CAND_0051630,Candidate 0051630,"Elasticsearch, Hugging Face Transformers, BentoML, MLflow, Embeddings, Recommendation Systems, Machine Learning, Python, NLP, Excel, OpenSearch, GANs, LoRA, Sentence Transformers, Information Retrieval, OpenCV, Computer Vision, Reinforcement Learning",6.0 Years,M.S. in Computer Engineering at Thapar University; B.Sc in Computer Science at Chandigarh University,Consider,64.3%,"Python, Machine Learning, NLP","TensorFlow, Docker, SQL, NoSQL, RAG, REST API, Git",48.1%,"Kolkata, West Bengal, India","Matched [Python, Machine Learning, NLP] | Missing [TensorFlow, Docker, SQL] | 6.0 years experience | Platform engagement: Medium (GitHub: 66%) | Location: Willing to Relocate | Final Score: 64.3%"
CAND_0026942,Candidate 0026942,"Learning to Rank, LangChain, CNN, Microservices, TensorFlow, BentoML, Time Series, MLflow, Reinforcement Learning, Computer Vision, Information Retrieval, Data Science, Recommendation Systems, Haystack, scikit-learn, REST APIs, OpenCV, Content Writing",6.0 Years,M.Sc in Artificial Intelligence at VJTI Mumbai,Consider,64.2%,"TensorFlow, REST API","Python, Machine Learning, NLP, Docker, SQL, NoSQL, RAG, Git",76.3%,"Chandigarh, Chandigarh, India","Matched [TensorFlow, REST API] | Missing [Python, Machine Learning, NLP] | 6.0 years experience | Platform engagement: High (GitHub: 67%) | Location: Willing to Relocate | Final Score: 64.2%"
CAND_0093193,Candidate 0093193,"Ranking Systems, Text Encoders, Indexing Algorithms, Forecasting, Vector Representations, Qdrant, OpenSearch, Open-source ML libraries, TensorFlow, Content Matching, Information Retrieval Systems, Haystack, Statistical Modeling, Machine Learning, Search & Discovery, GANs, Search Backend, scikit-learn, ASR",7.9 Years,Ph.D in Information Technology at Jadavpur University,Consider,64.2%,"Machine Learning, TensorFlow","Python, NLP, Docker, SQL, NoSQL, RAG, REST API, Git",73.0%,"Bangalore, Karnataka, India","Matched [Machine Learning, TensorFlow] | Missing [Python, NLP, Docker] | 7.9 years experience | Platform engagement: Medium (GitHub: 34%) | Location: Willing to Relocate | Final Score: 64.2%"
CAND_0003810,Candidate 0003810,"PostgreSQL, CSS, TensorFlow, BigQuery, Docker, NLP, Flask, Node.js, Airflow, Kafka, React",3.3 Years,M.E. in Information Technology at Manipal Institute of Technology,Consider,64.2%,"NLP, TensorFlow, Docker","Python, Machine Learning, SQL, NoSQL, RAG, REST API, Git",52.1%,"Coimbatore, Tamil Nadu, India","Matched [NLP, TensorFlow, Docker] | Missing [Python, Machine Learning, SQL] | 3.3 years experience | Platform engagement: Medium (GitHub: 52%) | Location: Willing to Relocate | Final Score: 64.2%"
CAND_0058688,Candidate 0058688,"OpenCV, CNN, scikit-learn, Object Detection, LlamaIndex, Computer Vision, Embeddings, Snowflake, TensorFlow, Diffusion Models, Information Retrieval, Milvus, Image Classification, Machine Learning, QLoRA, PostgreSQL, Semantic Search",6.7 Years,M.Tech in Machine Learning at Massachusetts Institute of Technology,Consider,64.2%,"Machine Learning, TensorFlow","Python, NLP, Docker, SQL, NoSQL, RAG, REST API, Git",71.0%,"Berlin, Germany","Matched [Machine Learning, TensorFlow] | Missing [Python, NLP, Docker] | 6.7 years experience | Platform engagement: Medium (GitHub: 39%) | Location: Willing to Relocate | Final Score: 64.2%"
CAND_0092255,Candidate 0092255,"Machine Learning, PyTorch, Statistical Modeling, Figma, Weaviate, Semantic Search, CNN, Data Science, OpenSearch, RAG, Content Writing, Learning to Rank, Vector Search, Time Series, MLOps, Webpack",5.2 Years,B.E. in Artificial Intelligence at BITS Pilani,Consider,64.2%,"Machine Learning, RAG","Python, NLP, TensorFlow, Docker, SQL, NoSQL, REST API, Git",65.7%,"Noida, Uttar Pradesh, India","Matched [Machine Learning, RAG] | Missing [Python, NLP, TensorFlow] | 5.2 years experience | Platform engagement: Medium (GitHub: 78%) | Location: Willing to Relocate | Final Score: 64.2%"
CAND_0092989,Candidate 0092989,"Qdrant, Statistical Modeling, TensorFlow, BM25, Photoshop, Reinforcement Learning, Flask, MongoDB, Object Detection, GANs, RAG, Feature Engineering, Data Science, ASR",6.1 Years,M.Sc in Computer Science at Manipal Institute of Technology; M.Tech in Machine Learning at SRM Chennai,Consider,64.2%,"TensorFlow, RAG","Python, Machine Learning, NLP, Docker, SQL, NoSQL, REST API, Git",67.4%,"Dubai, UAE","Matched [TensorFlow, RAG] | Missing [Python, Machine Learning, NLP] | 6.1 years experience | Platform engagement: Medium | Location: Willing to Relocate | Final Score: 64.2%"
CAND_0005649,Candidate 0005649,"Haystack, Redis, Prompt Engineering, Object Detection, Deep Learning, TensorFlow, Fine-tuning LLMs, Recommendation Systems, QLoRA, OpenCV, Semantic Search, Weaviate, scikit-learn, RAG, Microservices, Information Retrieval, Kubeflow",7.4 Years,Ph.D in Information Technology at RV College of Engineering,Consider,64.2%,"Machine Learning, TensorFlow, RAG","Python, NLP, Docker, SQL, NoSQL, REST API, Git",63.6%,"Delhi, Delhi, India","Matched [Machine Learning, TensorFlow, RAG] | Missing [Python, NLP, Docker] | 7.4 years experience | Platform engagement: Medium (GitHub: 81%) | Location: Willing to Relocate | Final Score: 64.2%"
CAND_0007460,Candidate 0007460,"LangChain, PEFT, Embeddings, Haystack, PostgreSQL, Weaviate, Information Retrieval, BentoML, YOLO, Go, LoRA, Recommendation Systems, RAG, Airflow, Diffusion Models, Computer Vision, Semantic Search, NLP",4.7 Years,M.Tech in Machine Learning at VIT Chennai,Consider,64.1%,"NLP, RAG","Python, Machine Learning, TensorFlow, Docker, SQL, NoSQL, REST API, Git",71.1%,"Pune, Maharashtra, India","Matched [NLP, RAG] | Missing [Python, Machine Learning, TensorFlow] | 4.7 years experience | Platform engagement: Medium (GitHub: 53%) | Location: Willing to Relocate | Final Score: 64.1%"
CAND_0002344,Candidate 0002344,"NLP, TensorFlow, Django, Pinecone, MLOps, Hugging Face Transformers, Haystack, Image Classification, YOLO, Information Retrieval, Reinforcement Learning, Spark, LLMs, TypeScript, Object Detection, React, Recommendation Systems, Feature Engineering",4.7 Years,M.E. in Artificial Intelligence at Jadavpur University; B.Sc in Artificial Intelligence at IIT Delhi,Consider,64.1%,"NLP, TensorFlow","Python, Machine Learning, Docker, SQL, NoSQL, RAG, REST API, Git",81.4%,"Chennai, Tamil Nadu, India","Matched [NLP, TensorFlow] | Missing [Python, Machine Learning, Docker] | 4.7 years experience | Platform engagement: High (GitHub: 82%) | Location: Willing to Relocate | Final Score: 64.1%"
CAND_0073504,Candidate 0073504,"Elasticsearch, Angular, LangChain, Image Classification, TTS, Diffusion Models, pgvector, GraphQL, RAG, MLflow, TensorFlow, Microservices, Kubeflow, Sales, GANs, Vector Search",6.6 Years,Ph.D in Electrical Engineering at Lovely Professional University; M.Sc in Information Technology at Christ University,Consider,64.1%,"TensorFlow, RAG","Python, Machine Learning, NLP, Docker, SQL, NoSQL, REST API, Git",73.1%,"Gurgaon, Haryana, India","Matched [TensorFlow, RAG] | Missing [Python, Machine Learning, NLP] | 6.6 years experience | Platform engagement: Medium (GitHub: 62%) | Location: Willing to Relocate | Final Score: 64.1%"
CAND_0042506,Candidate 0042506,"PEFT, TTS, scikit-learn, OpenCV, Semantic Search, BentoML, Fine-tuning LLMs, TensorFlow, Information Retrieval, Diffusion Models, Milvus, Deep Learning, Qdrant, FAISS, Airflow, Object Detection, NLP, Forecasting, pgvector",4.2 Years,B.Tech in Machine Learning at Amity University; M.E. in Computer Science at PES University,Consider,64.1%,"Machine Learning, NLP, TensorFlow","Python, Docker, SQL, NoSQL, RAG, REST API, Git",71.4%,"Mumbai, Maharashtra, India","Matched [Machine Learning, NLP, TensorFlow] | Missing [Python, Docker, SQL] | 4.2 years experience | Platform engagement: Medium (GitHub: 64%) | Location: Willing to Relocate | Final Score: 64.1%"
CAND_0030513,Candidate 0030513,"PowerPoint, CSS, SQL, Docker, CI/CD, Photoshop, Python, Accounting, REST APIs, Qdrant, Java, ETL",6.6 Years,M.Sc in Machine Learning at IIT Hyderabad,Consider,64.1%,"Python, Docker, SQL, NoSQL, REST API","Machine Learning, NLP, TensorFlow, RAG, Git",42.3%,"Gurgaon, Haryana, India","Matched [Python, Docker, SQL] | Missing [Machine Learning, NLP, TensorFlow] | 6.6 years experience | Platform engagement: Medium | Location: Willing to Relocate | Final Score: 64.1%"
CAND_0035987,Candidate 0035987,"ETL, YOLO, Statistical Modeling, Databricks, TensorFlow, REST APIs, SQL, Speech Recognition, OpenCV, MLflow, Pinecone, MLOps",5.8 Years,M.Sc in Statistics at Christ University,Consider,64.1%,"TensorFlow, SQL, NoSQL, REST API","Python, Machine Learning, NLP, Docker, RAG, Git",71.9%,"Pune, Maharashtra, India","Matched [TensorFlow, SQL, NoSQL] | Missing [Python, Machine Learning, NLP] | 5.8 years experience | Platform engagement: Medium (GitHub: 56%) | Location: Willing to Relocate | Final Score: 64.1%"
CAND_0057563,Candidate 0057563,"Deep Learning, Speech Recognition, RAG, Rust, Elasticsearch, Feature Engineering, OpenSearch, SQL, QLoRA, Prompt Engineering, Hugging Face Transformers, Machine Learning, Time Series, Forecasting",6.8 Years,M.E. in Computer Science at BITS Pilani; B.E. in Information Technology at Amity University,Consider,64.1%,"Machine Learning, SQL, NoSQL, RAG","Python, NLP, TensorFlow, Docker, REST API, Git",70.0%,"Indore, Madhya Pradesh, India","Matched [Machine Learning, SQL, NoSQL] | Missing [Python, NLP, TensorFlow] | 6.8 years experience | Platform engagement: Medium (GitHub: 23%) | Location: Willing to Relocate | Final Score: 64.1%"
CAND_0071747,Candidate 0071747,"Milvus, Fine-tuning LLMs, Haystack, Semantic Search, Statistical Modeling, OpenCV, Python, BentoML, CSS, Reinforcement Learning, TensorFlow, Forecasting, Recommendation Systems",4.2 Years,B.Sc in Machine Learning at Anna University; Ph.D in Information Technology at IIT Delhi,Consider,64.0%,"Python, TensorFlow","Machine Learning, NLP, Docker, SQL, NoSQL, RAG, REST API, Git",72.1%,"Kolkata, West Bengal, India","Matched [Python, TensorFlow] | Missing [Machine Learning, NLP, Docker] | 4.2 years experience | Platform engagement: Medium (GitHub: 68%) | Location: Willing to Relocate | Final Score: 64.0%"
CAND_0024203,Candidate 0024203,"Content Writing, Python, Node.js, Time Series, Statistical Modeling, OpenCV, Elasticsearch, Feature Engineering, LoRA, OpenSearch, TensorFlow, Data Science, Databricks, RAG, ASR, Salesforce CRM",4.4 Years,M.Sc in Artificial Intelligence at Bharati Vidyapeeth,Consider,64.0%,"Python, TensorFlow, RAG","Machine Learning, NLP, Docker, SQL, NoSQL, REST API, Git",53.2%,"Trivandrum, Kerala, India","Matched [Python, TensorFlow, RAG] | Missing [Machine Learning, NLP, Docker] | 4.4 years experience | Platform engagement: Medium | Location: Willing to Relocate | Final Score: 64.0%"
CAND_0036604,Candidate 0036604,"LlamaIndex, Fine-tuning LLMs, Forecasting, Vector Search, Speech Recognition, Reinforcement Learning, Docker, BM25, NLP, TensorFlow, Databricks, Learning to Rank, Project Management, Diffusion Models, Salesforce CRM, PEFT, OpenCV",4.7 Years,Ph.D in Artificial Intelligence at VIT Vellore,Consider,64.0%,"NLP, TensorFlow, Docker","Python, Machine Learning, SQL, NoSQL, RAG, REST API, Git",62.9%,"Jaipur, Rajasthan, India","Matched [NLP, TensorFlow, Docker] | Missing [Python, Machine Learning, SQL] | 4.7 years experience | Platform engagement: Medium (GitHub: 16%) | Location: Willing to Relocate | Final Score: 64.0%"
CAND_0027691,Candidate 0027691,"SAP, LoRA, PEFT, Recommendation Systems, Statistical Modeling, Weaviate, scikit-learn, Marketing, Embeddings, Learning to Rank, TTS, QLoRA, TensorFlow, Semantic Search, Python, MLflow, Computer Vision",6.5 Years,M.Sc in Machine Learning at Thapar University; M.E. in Data Science at KIIT University,Consider,64.0%,"Python, TensorFlow","Machine Learning, NLP, Docker, SQL, NoSQL, RAG, REST API, Git",73.9%,"Pune, Maharashtra, India","Matched [Python, TensorFlow] | Missing [Machine Learning, NLP, Docker] | 6.5 years experience | Platform engagement: Medium (GitHub: 58%) | Location: Willing to Relocate | Final Score: 64.0%"
CAND_0058300,Candidate 0058300,"MLflow, Python, PowerPoint, scikit-learn, Docker, MongoDB, Time Series, Computer Vision, TTS, BentoML, Reinforcement Learning, Vector Search, Machine Learning, ASR, Haystack, OpenSearch, Kubernetes, Kubeflow",4.5 Years,B.E. in Computer Science at SRM Chennai,Consider,64.0%,"Python, Machine Learning, Docker","NLP, TensorFlow, SQL, NoSQL, RAG, REST API, Git",63.8%,"Kolkata, West Bengal, India","Matched [Python, Machine Learning, Docker] | Missing [NLP, TensorFlow, SQL] | 4.5 years experience | Platform engagement: Medium | Location: Willing to Relocate | Final Score: 64.0%"
CAND_0089546,Candidate 0089546,"Recommendation Systems, Reinforcement Learning, TensorFlow, LoRA, YOLO, QLoRA, PyTorch, Prompt Engineering, Kubeflow, BM25, NLP, Qdrant, Forecasting",4.8 Years,B.Tech in Computer Science at IIT Roorkee,Consider,64.0%,"NLP, TensorFlow","Python, Machine Learning, Docker, SQL, NoSQL, RAG, REST API, Git",64.7%,"Bangalore, Karnataka, India","Matched [NLP, TensorFlow] | Missing [Python, Machine Learning, Docker] | 4.8 years experience | Platform engagement: Medium (GitHub: 46%) | Location: Willing to Relocate | Final Score: 64.0%"
CAND_0089889,Candidate 0089889,"PyTorch, Pinecone, Photoshop, MLOps, Forecasting, Diffusion Models, Python, Kubernetes, NLP, Learning to Rank, MLflow, BentoML, scikit-learn, Data Science, TensorFlow, Computer Vision, Feature Engineering, QLoRA",4.3 Years,M.S. in Data Science at IIT Roorkee; B.Sc in Data Science at RV College of Engineering,Consider,63.9%,"Python, NLP, TensorFlow","Machine Learning, Docker, SQL, NoSQL, RAG, REST API, Git",60.8%,"Hyderabad, Telangana, India","Matched [Python, NLP, TensorFlow] | Missing [Machine Learning, Docker, SQL] | 4.3 years experience | Platform engagement: Medium | Location: Willing to Relocate | Final Score: 63.9%"
CAND_0092245,Candidate 0092245,"LlamaIndex, Forecasting, Embeddings, Statistical Modeling, Kafka, RAG, Hugging Face Transformers, GANs, Content Writing, Airflow, FAISS, Data Science, Qdrant, Elasticsearch, Fine-tuning LLMs, Vector Search, NLP",4.1 Years,B.Sc in Information Technology at IIT Delhi,Consider,63.9%,"NLP, RAG","Python, Machine Learning, TensorFlow, Docker, SQL, NoSQL, REST API, Git",58.1%,"Coimbatore, Tamil Nadu, India","Matched [NLP, RAG] | Missing [Python, Machine Learning, TensorFlow] | 4.1 years experience | Platform engagement: Medium | Location: Willing to Relocate | Final Score: 63.9%"
CAND_0042370,Candidate 0042370,"TensorFlow, Qdrant, LangChain, Embeddings, Computer Vision, Object Detection, YOLO, scikit-learn, MLOps, PEFT, Hugging Face Transformers, Weights & Biases, ASR, Haystack, SQL",3.3 Years,M.S. in Artificial Intelligence at Thapar University; Ph.D in Information Technology at IIIT Bangalore,Consider,63.9%,"TensorFlow, SQL, NoSQL","Python, Machine Learning, NLP, Docker, RAG, REST API, Git",64.1%,"Gurgaon, Haryana, India","Matched [TensorFlow, SQL, NoSQL] | Missing [Python, Machine Learning, NLP] | 3.3 years experience | Platform engagement: Medium (GitHub: 40%) | Location: Willing to Relocate | Final Score: 63.9%"
CAND_0096425,Candidate 0096425,"TensorFlow, SQL, Webpack, Computer Vision, Object Detection, Scrum, Figma, Agile, Embeddings, PowerPoint, Hadoop",4.0 Years,B.Sc in Machine Learning at Chandigarh University; Ph.D in Computer Science at SRM University,Consider,63.9%,"TensorFlow, SQL, NoSQL","Python, Machine Learning, NLP, Docker, RAG, REST API, Git",59.6%,"London, UK","Matched [TensorFlow, SQL, NoSQL] | Missing [Python, Machine Learning, NLP] | 4.0 years experience | Platform engagement: Medium | Location: Willing to Relocate | Final Score: 63.9%"
CAND_0020991,Candidate 0020991,"QLoRA, Statistical Modeling, Six Sigma, Python, Computer Vision, Rust, Speech Recognition, scikit-learn, Vue.js, LoRA, Weaviate, Tally, OpenSearch, Semantic Search, Forecasting",4.9 Years,M.S. in Computer Science at Christ University; M.S. in Data Science at IIT Delhi,Consider,63.9%,Python,"Machine Learning, NLP, TensorFlow, Docker, SQL, NoSQL, RAG, REST API, Git",79.5%,"Vizag, Andhra Pradesh, India","Matched [Python] | Missing [Machine Learning, NLP, TensorFlow] | 4.9 years experience | Platform engagement: High (GitHub: 65%) | Location: Willing to Relocate | Final Score: 63.9%"
CAND_0006567,Candidate 0006567,"Speech Recognition, scikit-learn, Search Backend, Model Adaptation, Vector Representations, BM25, Workflow Orchestration, GANs, NLP, Kubernetes, Python, Ranking Systems, Text Encoders, Data Science, Feature Engineering, Search & Discovery, Prompt Engineering, Haystack, Content Matching, Recommendation Systems",7.9 Years,B.Sc in Machine Learning at IIT Bombay,Consider,63.9%,"Python, NLP","Machine Learning, TensorFlow, Docker, SQL, NoSQL, RAG, REST API, Git",71.1%,"Noida, Uttar Pradesh, India","Matched [Python, NLP] | Missing [Machine Learning, TensorFlow, Docker] | 7.9 years experience | Platform engagement: Medium (GitHub: 35%) | Location: Willing to Relocate | Final Score: 63.9%"
CAND_0067183,Candidate 0067183,"NLP, MLOps, BentoML, Illustrator, TensorFlow, Reinforcement Learning, RAG, TTS, Speech Recognition, gRPC, Apache Flink, Computer Vision, Deep Learning, Information Retrieval",6.1 Years,M.Tech in Statistics at Bharati Vidyapeeth; M.E. in Civil Engineering at Lovely Professional University,Consider,63.9%,"Machine Learning, NLP, TensorFlow, RAG","Python, Docker, SQL, NoSQL, REST API, Git",60.3%,"Vizag, Andhra Pradesh, India","Matched [Machine Learning, NLP, TensorFlow] | Missing [Python, Docker, SQL] | 6.1 years experience | Platform engagement: Medium (GitHub: 18%) | Location: Willing to Relocate | Final Score: 63.9%"
CAND_0013613,Candidate 0013613,"Speech Recognition, LoRA, Computer Vision, TensorFlow, Object Detection, Weaviate, Statistical Modeling, MLflow, Sentence Transformers, scikit-learn, Fine-tuning LLMs, CNN, Machine Learning, GCP",4.7 Years,B.Sc in Computer Engineering at Symbiosis International,Consider,63.9%,"Machine Learning, TensorFlow","Python, NLP, Docker, SQL, NoSQL, RAG, REST API, Git",76.9%,"Singapore, Singapore","Matched [Machine Learning, TensorFlow] | Missing [Python, NLP, Docker] | 4.7 years experience | Platform engagement: High (GitHub: 67%) | Location: Willing to Relocate | Final Score: 63.9%"
CAND_0050108,Candidate 0050108,"Image Classification, Object Detection, Azure, Salesforce CRM, Kafka, Microservices, Hadoop, RAG, REST APIs, Airflow, FAISS, Terraform, GCP, Docker",4.4 Years,M.Tech in Data Science at KIIT University; M.S. in Data Science at Chandigarh University,Consider,63.9%,"Docker, RAG, REST API","Python, Machine Learning, NLP, TensorFlow, SQL, NoSQL, Git",52.2%,"Kochi, Kerala, India","Matched [Docker, RAG, REST API] | Missing [Python, Machine Learning, NLP] | 4.4 years experience | Platform engagement: Medium (GitHub: 52%) | Location: Willing to Relocate | Final Score: 63.9%"
CAND_0079284,Candidate 0079284,"Recommendation Systems, scikit-learn, QLoRA, LlamaIndex, Illustrator, Project Management, Qdrant, ASR, Terraform, Feature Engineering, Weights & Biases, Fine-tuning LLMs, Elasticsearch, NLP, Machine Learning",4.9 Years,M.S. in Computer Science at IIT Roorkee,Consider,63.8%,"Machine Learning, NLP","Python, TensorFlow, Docker, SQL, NoSQL, RAG, REST API, Git",62.4%,"Hyderabad, Telangana, India","Matched [Machine Learning, NLP] | Missing [Python, TensorFlow, Docker] | 4.9 years experience | Platform engagement: Medium | Location: Willing to Relocate | Final Score: 63.8%"
CAND_0006066,Candidate 0006066,"Image Classification, Figma, REST APIs, NLP, SEO, Computer Vision, Sentence Transformers, Excel, Fine-tuning LLMs, PowerPoint, Weights & Biases, SQL, Machine Learning, Rust",4.3 Years,B.Tech in Mathematics at Local Engineering College; M.S. in Electronics at Thapar University,Consider,63.8%,"Machine Learning, NLP, SQL, NoSQL, REST API","Python, TensorFlow, Docker, RAG, Git",60.7%,"Austin, USA","Matched [Machine Learning, NLP, SQL] | Missing [Python, TensorFlow, Docker] | 4.3 years experience | Platform engagement: Medium (GitHub: 9%) | Location: Willing to Relocate | Final Score: 63.8%"
CAND_0098846,Candidate 0098846,"YOLO, Kubeflow, Hugging Face Transformers, Hadoop, PEFT, QLoRA, Machine Learning, MLOps, Qdrant, Haystack, LlamaIndex, TensorFlow, Recommendation Systems, Speech Recognition, Photoshop, Azure, BentoML, TTS",7.6 Years,Ph.D in Machine Learning at IIT Kanpur,Consider,63.8%,"Machine Learning, TensorFlow","Python, NLP, Docker, SQL, NoSQL, RAG, REST API, Git",70.2%,"Indore, Madhya Pradesh, India","Matched [Machine Learning, TensorFlow] | Missing [Python, NLP, Docker] | 7.6 years experience | Platform engagement: Medium (GitHub: 86%) | Location: Willing to Relocate | Final Score: 63.8%"
CAND_0032532,Candidate 0032532,"REST APIs, ASR, MongoDB, RAG, Vector Search, pgvector, PowerPoint, Next.js, OpenCV, TTS, SQL, Statistical Modeling, NLP, MLflow, CNN, Vue.js, SAP, YOLO",6.7 Years,M.Tech in Computer Engineering at Anna University; B.Tech in Data Science at Bharati Vidyapeeth,Consider,63.8%,"NLP, SQL, NoSQL, RAG, REST API","Python, Machine Learning, TensorFlow, Docker, Git",61.3%,"Kochi, Kerala, India","Matched [NLP, SQL, NoSQL] | Missing [Python, Machine Learning, TensorFlow] | 6.7 years experience | Platform engagement: Medium (GitHub: 45%) | Location: Willing to Relocate | Final Score: 63.8%"
CAND_0018181,Candidate 0018181,"Tailwind, REST APIs, Flask, GraphQL, RAG, Tally, MLflow, Kubeflow, dbt, Accounting, GANs, CI/CD, SQL",5.7 Years,M.Tech in Electronics at Chandigarh University; B.Sc in Civil Engineering at SRM University,Consider,63.8%,"SQL, NoSQL, RAG, REST API","Python, Machine Learning, NLP, TensorFlow, Docker, Git",60.4%,"Indore, Madhya Pradesh, India","Matched [SQL, NoSQL, RAG] | Missing [Python, Machine Learning, NLP] | 5.7 years experience | Platform engagement: Medium (GitHub: 56%) | Location: Willing to Relocate | Final Score: 63.8%"
